precision,recall,f1,pr_auc,roc_auc,model,imbalance_strategy,seed,train_time_s,latency_ms_per_sample,train_size
0.0,0.0,0.0,0.03647289598746213,0.9377587924386785,IsolationForest,none,0,4.05052638053894,0.043652306735495715,199366
0.9803921568627451,0.6666666666666666,0.7936507936507936,0.7909453375788894,0.9546562130108169,RandomForest,none,0,662.575954914093,0.051280772053344255,199366
0.9574468085106383,0.6,0.7377049180327869,0.7326265731865587,0.98265935379531,XGBoost,none,0,10.22454833984375,0.011118996861388628,199366
0.0,0.0,0.0,0.053113843667445475,0.9546838706653071,IsolationForest,none,1,3.3899166584014893,0.0308679543620396,199366
0.9807692307692307,0.68,0.8031496062992126,0.7943971867830322,0.954832120381113,RandomForest,none,1,665.6650032997131,0.06490809677905433,199366
0.9574468085106383,0.6,0.7377049180327869,0.7326265731865587,0.98265935379531,XGBoost,none,1,8.712539911270142,0.010856870783611985,199366
0.04225352112676056,0.04,0.0410958904109589,0.04604506692150742,0.9555522741389211,IsolationForest,none,2,4.339610815048218,0.02348135240991155,199366
0.9807692307692307,0.68,0.8031496062992126,0.788957942733839,0.9612956907967982,RandomForest,none,2,646.1287643909454,0.03688082312690423,199366
0.9574468085106383,0.6,0.7377049180327869,0.7326265731865587,0.98265935379531,XGBoost,none,2,11.690724611282349,0.011337931258581204,199366
0.0,0.0,0.0,0.03647289598746213,0.9377587924386785,IsolationForest,smote,0,3.2589852809906006,0.029929959475371495,199366
0.9310344827586207,0.72,0.8120300751879699,0.8156475965993762,0.9666504939703968,RandomForest,smote,0,1168.8545286655426,0.04241946239099415,397964
0.7857142857142857,0.7333333333333333,0.7586206896551724,0.7869412128252272,0.9844293264892359,XGBoost,smote,0,20.835636615753174,0.01253642400675042,397964
0.0,0.0,0.0,0.053113843667445475,0.9546838706653071,IsolationForest,smote,1,4.392608165740967,0.020952992044061328,199366
0.9322033898305084,0.7333333333333333,0.8208955223880597,0.8148179075800241,0.9617159465129089,RandomForest,smote,1,1160.0104088783264,0.04227382702572213,397964
0.7746478873239436,0.7333333333333333,0.7534246575342466,0.7881213163962546,0.9870381699070656,XGBoost,smote,1,20.821130514144897,0.023966343206430183,397964
0.04225352112676056,0.04,0.0410958904109589,0.04604506692150742,0.9555522741389211,IsolationForest,smote,2,3.7226667404174805,0.020739904994264424,199366
0.9482758620689655,0.7333333333333333,0.8270676691729323,0.8187447518219594,0.9655680952548372,RandomForest,smote,2,1151.6619946956635,0.08048438801528283,397964
0.8028169014084507,0.76,0.7808219178082192,0.7975391129213592,0.9835997140479791,XGBoost,smote,2,20.34163546562195,0.01198327833718688,397964
0.0,0.0,0.0,0.03647289598746213,0.9377587924386785,IsolationForest,adasyn,0,3.2220876216888428,0.0303079023766544,199366
0.9473684210526315,0.72,0.8181818181818182,0.8219993528811782,0.9642092371878259,RandomForest,adasyn,0,1320.9668910503387,0.035978502500689465,397965
0.7631578947368421,0.7733333333333333,0.7682119205298014,0.774961641089856,0.9771175098735483,XGBoost,adasyn,0,21.465038299560547,0.020006383098022936,397965
0.0,0.0,0.0,0.053113843667445475,0.9546838706653071,IsolationForest,adasyn,1,2.858382225036621,0.020513741986511843,199366
0.9636363636363636,0.7066666666666667,0.8153846153846154,0.8192947408990573,0.9610890787422799,RandomForest,adasyn,1,1317.3932375907898,0.034053356501286845,397965
0.7671232876712328,0.7466666666666667,0.7567567567567568,0.7846001988190798,0.9742237691757785,XGBoost,adasyn,1,21.85948944091797,0.011793392322904803,397965
0.04225352112676056,0.04,0.0410958904109589,0.04604506692150742,0.9555522741389211,IsolationForest,adasyn,2,2.8967928886413574,0.020578393473894487,199366
0.9642857142857143,0.72,0.8244274809160306,0.8265373585670752,0.9665805294800127,RandomForest,adasyn,2,1309.3255109786987,0.03594023313974556,397965
0.75,0.76,0.7549668874172185,0.7795180292162164,0.9713740932156711,XGBoost,adasyn,2,20.17656421661377,0.020988302153316797,397965
0.0,0.0,0.0,0.03647289598746213,0.9377587924386785,IsolationForest,class_weight,0,3.4286866188049316,0.02024557183597976,199366
1.0,0.6266666666666667,0.7704918032786885,0.8092378644646326,0.949620293218015,RandomForest,class_weight,0,357.4698803424835,0.025954328308518005,199366
0.873015873015873,0.7333333333333333,0.7971014492753623,0.7874542573512103,0.9850981495154051,XGBoost,class_weight,0,11.901584386825562,0.011501803483268363,199366
0.0,0.0,0.0,0.053113843667445475,0.9546838706653071,IsolationForest,class_weight,1,2.898439645767212,0.021065908214922494,199366
1.0,0.6133333333333333,0.7603305785123967,0.8185330234626316,0.9567730783203835,RandomForest,class_weight,1,355.9786458015442,0.045761566743411884,199366
0.873015873015873,0.7333333333333333,0.7971014492753623,0.7874542573512103,0.9850981495154051,XGBoost,class_weight,1,9.580545663833618,0.011787670544887706,199366
0.04225352112676056,0.04,0.0410958904109589,0.04604506692150742,0.9555522741389211,IsolationForest,class_weight,2,4.128858327865601,0.025335020133382964,199366
1.0,0.6133333333333333,0.7603305785123967,0.8126138428112191,0.9500033986100858,RandomForest,class_weight,2,356.7831461429596,0.026138053051957974,199366
0.873015873015873,0.7333333333333333,0.7971014492753623,0.7874542573512103,0.9850981495154051,XGBoost,class_weight,2,11.863043546676636,0.011738606403032252,199366
