model,imbalance_strategy,precision_mean,precision_std,recall_mean,recall_std,f1_mean,f1_std,pr_auc_mean,pr_auc_std,roc_auc_mean,roc_auc_std,train_time_s_mean,train_time_s_std,latency_ms_per_sample_mean,latency_ms_per_sample_std
IsolationForest,adasyn,0.0141,0.0244,0.0133,0.0231,0.0137,0.0237,0.0452,0.0084,0.9493,0.01,2.9924,0.1998,0.0238,0.0056
IsolationForest,class_weight,0.0141,0.0244,0.0133,0.0231,0.0137,0.0237,0.0452,0.0084,0.9493,0.01,3.4853,0.6172,0.0222,0.0027
IsolationForest,none,0.0141,0.0244,0.0133,0.0231,0.0137,0.0237,0.0452,0.0084,0.9493,0.01,3.9267,0.4868,0.0327,0.0102
IsolationForest,smote,0.0141,0.0244,0.0133,0.0231,0.0137,0.0237,0.0452,0.0084,0.9493,0.01,3.7914,0.5699,0.0239,0.0052
RandomForest,adasyn,0.9584,0.0096,0.7156,0.0077,0.8193,0.0046,0.8226,0.0037,0.964,0.0028,1315.8952,5.9635,0.0353,0.0011
RandomForest,class_weight,1.0,0.0,0.6178,0.0077,0.7637,0.0059,0.8135,0.0047,0.9521,0.004,356.7439,0.7464,0.0326,0.0114
RandomForest,none,0.9806,0.0002,0.6756,0.0077,0.8,0.0055,0.7914,0.0028,0.9569,0.0038,658.1232,10.5017,0.051,0.014
RandomForest,smote,0.9372,0.0096,0.7289,0.0077,0.82,0.0076,0.8164,0.0021,0.9646,0.0026,1160.1756,8.5975,0.0551,0.022
XGBoost,adasyn,0.7601,0.009,0.76,0.0133,0.76,0.0072,0.7797,0.0048,0.9742,0.0029,21.167,0.8802,0.0176,0.005
XGBoost,class_weight,0.873,0.0,0.7333,0.0,0.7971,0.0,0.7875,0.0,0.9851,0.0,11.1151,1.3291,0.0117,0.0002
XGBoost,none,0.9574,0.0,0.6,0.0,0.7377,0.0,0.7326,0.0,0.9827,0.0,10.2093,1.4892,0.0111,0.0002
XGBoost,smote,0.7877,0.0142,0.7422,0.0154,0.7643,0.0146,0.7909,0.0058,0.985,0.0018,20.6661,0.2811,0.0162,0.0068
