block,feature,psi
d90-120,ProductCD,0.08178624371901516
d90-120,card4,0.009722429869196421
d90-120,card6,0.027067409211516853
d90-120,P_emaildomain,0.006195030801372285
d90-120,M4,0.017125958191316078
d90-120,M2,0.01853808825829388
d90-120,M1,1.2699272776038859e-06
d90-120,M3,0.03775270157240851
d90-120,M6,0.01430708228469423
d90-120,TransactionAmt,0.011768953408270898
d90-120,card1,0.0015264935421608152
d90-120,card2,0.00529351842821553
d90-120,card3,0.001265632667549347
d90-120,card5,0.029444024946100537
d90-120,addr1,0.0025642263550773106
d90-120,addr2,0.0009024674763112564
d90-120,D2,0.00910113350984923
d90-120,V6,4.103503298597987e-12
d90-120,V1,0.0
d90-120,V9,7.088753030155392e-11
d90-120,V10,0.00019361410081288773
d90-120,V11,0.00017140820937016558
d90-120,D11,0.007073420918237853
d90-120,V2,1.5750004647722892e-10
d90-120,V7,4.103503298597987e-12
d90-120,V8,7.088753030155392e-11
d90-120,V5,0.006386468070473691
d90-120,V4,0.0067297312655162835
d90-120,V3,1.5750004647722892e-10
d90-120,D3,0.003150929070381307
d90-120,V44,6.5051717439554156e-06
d120-150,ProductCD,0.08760274694537223
d120-150,card4,0.005950778511745004
d120-150,card6,0.024795592924698164
d120-150,P_emaildomain,0.004265923960076378
d120-150,M4,0.010641002194471214
d120-150,M2,0.018010177548501916
d120-150,M1,1.6677783684851982e-09
d120-150,M3,0.037617654999884086
d120-150,M6,0.018733511110643114
d120-150,TransactionAmt,0.013100871598793536
d120-150,card1,0.001311585187103781
d120-150,card2,0.005886001524351661
d120-150,card3,0.0021491763965555875
d120-150,card5,0.01955711780217794
d120-150,addr1,0.0013258032148931297
d120-150,addr2,0.0028921675336625783
d120-150,D2,0.02211840280039004
d120-150,V6,2.7948373822471805e-05
d120-150,V1,0.0
d120-150,V9,6.365724028234683e-05
d120-150,V10,0.0026413364979927583
d120-150,V11,0.0027167375925175857
d120-150,D11,0.06161549978565593
d120-150,V2,6.366429460977868e-05
d120-150,V7,2.7948373822471805e-05
d120-150,V8,6.365724028234683e-05
d120-150,V5,0.0018780181510302026
d120-150,V4,0.0019021326185652428
d120-150,V3,6.366429460977868e-05
d120-150,D3,0.0034283592641707683
d120-150,V44,0.001355733573017565
d150-180,ProductCD,0.062274563665009
d150-180,card4,0.00560592316140162
d150-180,card6,0.011986463699909272
d150-180,P_emaildomain,0.0066224758962908185
d150-180,M4,0.007759805292741393
d150-180,M2,0.03397388452194528
d150-180,M1,2.407902074617917e-10
d150-180,M3,0.05030979633183329
d150-180,M6,0.011371720422681678
d150-180,TransactionAmt,0.008447368424174786
d150-180,card1,0.004946073141942251
d150-180,card2,0.008996987545994426
d150-180,card3,0.0015205614645857155
d150-180,card5,0.019686408886804868
d150-180,addr1,0.0038564491762364136
d150-180,addr2,0.006232192421223848
d150-180,D2,0.023761426395528088
d150-180,V6,6.58115364075618e-10
d150-180,V1,0.0
d150-180,V9,2.5679213838553386e-09
d150-180,V10,0.00036043318092688216
d150-180,V11,0.0004703823160884218
d150-180,D11,0.06792281881347033
d150-180,V2,9.228638988794746e-11
d150-180,V7,6.58115364075618e-10
d150-180,V8,2.5679213838553386e-09
d150-180,V5,0.0012842147658804503
d150-180,V4,0.001669290765748367
d150-180,V3,9.228638988794746e-11
d150-180,D3,0.0017618462048413174
d150-180,V44,5.954550626488652e-05
