precision,recall,f1,pr_auc,roc_auc,prevalence,alerts,model,seed,train_s,predict_s
0.20300751879699247,0.5115649606299213,0.29066759874169873,0.2874974587735236,0.8433599270256791,0.034409184813899145,10241,XGBoost,0,11.202925682067871,0.45584654808044434
0.20300751879699247,0.5115649606299213,0.29066759874169873,0.2874974587735236,0.8433599270256791,0.034409184813899145,10241,XGBoost,1,11.60588002204895,0.42647314071655273
0.20300751879699247,0.5115649606299213,0.29066759874169873,0.2874974587735236,0.8433599270256791,0.034409184813899145,10241,XGBoost,2,10.914247035980225,0.5507807731628418
0.1798408069981874,0.5615157480314961,0.2724288187190354,0.2875218284054555,0.8430615052016117,0.034409184813899145,12689,LightGBM,0,9.129029750823975,1.7452852725982666
0.15617061104425725,0.5748031496062992,0.24561034591525602,0.2864998593321627,0.8447799200377696,0.034409184813899145,14958,LightGBM,1,8.926049947738647,1.227381706237793
0.1553404365904366,0.5883366141732284,0.24578536184210525,0.3000960007102158,0.8425514041306615,0.034409184813899145,15392,LightGBM,2,10.716540813446045,1.1944713592529297
0.13057189927041657,0.6825787401574803,0.21921055750918644,0.3009240702199233,0.8494919096100358,0.034409184813899145,21245,CatBoost,0,30.81932234764099,0.05557727813720703
0.12765469473877344,0.6847933070866141,0.21519427798182872,0.297124730377137,0.8477248966640725,0.034409184813899145,21801,CatBoost,1,29.837318658828735,0.04433178901672363
0.1289866313820322,0.6956200787401575,0.21762056887725645,0.29756563601049996,0.8517331511276763,0.034409184813899145,21917,CatBoost,2,31.506042957305908,0.05521225929260254
