precision,recall,f1,pr_auc,roc_auc,prevalence,alerts,block,block_start,mode,seed,n_test
0.1858847646240574,0.6513596716264751,0.28922936720396425,0.36857984268468946,0.8621550932912498,0.039527455255285705,13659,d90-120,90,static,0,98615
0.1858847646240574,0.6513596716264751,0.28922936720396425,0.36857984268468946,0.8621550932912498,0.039527455255285705,13659,d90-120,90,static,1,98615
0.1858847646240574,0.6513596716264751,0.28922936720396425,0.36857984268468946,0.8621550932912498,0.039527455255285705,13659,d90-120,90,static,2,98615
0.1858847646240574,0.6513596716264751,0.28922936720396425,0.36857984268468946,0.8621550932912498,0.039527455255285705,13659,d90-120,90,retrained,0,98615
0.1858847646240574,0.6513596716264751,0.28922936720396425,0.36857984268468946,0.8621550932912498,0.039527455255285705,13659,d90-120,90,retrained,1,98615
0.1858847646240574,0.6513596716264751,0.28922936720396425,0.36857984268468946,0.8621550932912498,0.039527455255285705,13659,d90-120,90,retrained,2,98615
0.16232604373757456,0.5729824561403509,0.25298218435321457,0.3175507206810403,0.8354731708546896,0.03410273898840507,10060,d120-150,120,static,0,83571
0.16232604373757456,0.5729824561403509,0.25298218435321457,0.3175507206810403,0.8354731708546896,0.03410273898840507,10060,d120-150,120,static,1,83571
0.16232604373757456,0.5729824561403509,0.25298218435321457,0.3175507206810403,0.8354731708546896,0.03410273898840507,10060,d120-150,120,static,2,83571
0.16830050389372422,0.6445614035087719,0.26690882673447147,0.3379368754841471,0.8645283374812572,0.03410273898840507,10915,d120-150,120,retrained,0,83571
0.16830050389372422,0.6445614035087719,0.26690882673447147,0.3379368754841471,0.8645283374812572,0.03410273898840507,10915,d120-150,120,retrained,1,83571
0.16830050389372422,0.6445614035087719,0.26690882673447147,0.3379368754841471,0.8645283374812572,0.03410273898840507,10915,d120-150,120,retrained,2,83571
0.1636081438875194,0.6029609690444145,0.25737881508078997,0.2966800249872996,0.8361810386695796,0.03418685439528838,10953,d150-180,150,static,0,86934
0.1636081438875194,0.6029609690444145,0.25737881508078997,0.2966800249872996,0.8361810386695796,0.03418685439528838,10953,d150-180,150,static,1,86934
0.1636081438875194,0.6029609690444145,0.25737881508078997,0.2966800249872996,0.8361810386695796,0.03418685439528838,10953,d150-180,150,static,2,86934
0.1528937728937729,0.7022207267833109,0.2511129827938876,0.35075020636229426,0.8752987395791398,0.03418685439528838,13650,d150-180,150,retrained,0,86934
0.1528937728937729,0.7022207267833109,0.2511129827938876,0.35075020636229426,0.8752987395791398,0.03418685439528838,13650,d150-180,150,retrained,1,86934
0.1528937728937729,0.7022207267833109,0.2511129827938876,0.35075020636229426,0.8752987395791398,0.03418685439528838,13650,d150-180,150,retrained,2,86934
